sep=;
Tahun;Bulan;Minggu;Unit Kerja;Program;Mitra;Nominal;Catatan
2026;9;I;Abepura;KDP;Askrindo;;
2026;9;II;Abepura;KDP;Askrindo;;
2026;9;III;Abepura;KDP;Askrindo;;
2026;9;IV;Abepura;KDP;Askrindo;;
2026;9;I;Abepura;KDP;Jamkrindo;;
2026;9;II;Abepura;KDP;Jamkrindo;;
2026;9;III;Abepura;KDP;Jamkrindo;;
2026;9;IV;Abepura;KDP;Jamkrindo;;
2026;9;I;Abepura;KDP;BSM A3M;;
2026;9;II;Abepura;KDP;BSM A3M;;
2026;9;III;Abepura;KDP;BSM A3M;;
2026;9;IV;Abepura;KDP;BSM A3M;;
2026;9;I;Abepura;KDP;BRINS FLPP;;
2026;9;II;Abepura;KDP;BRINS FLPP;;
2026;9;III;Abepura;KDP;BRINS FLPP;;
2026;9;IV;Abepura;KDP;BRINS FLPP;;
2026;9;I;Biak;KDP;Askrindo;;
2026;9;II;Biak;KDP;Askrindo;;
2026;9;III;Biak;KDP;Askrindo;;
2026;9;IV;Biak;KDP;Askrindo;;
2026;9;I;Biak;KDP;Jamkrindo;;
2026;9;II;Biak;KDP;Jamkrindo;;
2026;9;III;Biak;KDP;Jamkrindo;;
2026;9;IV;Biak;KDP;Jamkrindo;;
2026;9;I;Biak;KDP;BSM A3M;;
2026;9;II;Biak;KDP;BSM A3M;;
2026;9;III;Biak;KDP;BSM A3M;;
2026;9;IV;Biak;KDP;BSM A3M;;
2026;9;I;Biak;KDP;BRINS FLPP;;
2026;9;II;Biak;KDP;BRINS FLPP;;
2026;9;III;Biak;KDP;BRINS FLPP;;
2026;9;IV;Biak;KDP;BRINS FLPP;;
2026;9;I;Bintuni;KDP;Askrindo;;
2026;9;II;Bintuni;KDP;Askrindo;;
2026;9;III;Bintuni;KDP;Askrindo;;
2026;9;IV;Bintuni;KDP;Askrindo;;
2026;9;I;Bintuni;KDP;Jamkrindo;;
2026;9;II;Bintuni;KDP;Jamkrindo;;
2026;9;III;Bintuni;KDP;Jamkrindo;;
2026;9;IV;Bintuni;KDP;Jamkrindo;;
2026;9;I;Bintuni;KDP;BSM A3M;;
2026;9;II;Bintuni;KDP;BSM A3M;;
2026;9;III;Bintuni;KDP;BSM A3M;;
2026;9;IV;Bintuni;KDP;BSM A3M;;
2026;9;I;Bintuni;KDP;BRINS FLPP;;
2026;9;II;Bintuni;KDP;BRINS FLPP;;
2026;9;III;Bintuni;KDP;BRINS FLPP;;
2026;9;IV;Bintuni;KDP;BRINS FLPP;;
2026;9;I;Fak Fak;KDP;Askrindo;;
2026;9;II;Fak Fak;KDP;Askrindo;;
2026;9;III;Fak Fak;KDP;Askrindo;;
2026;9;IV;Fak Fak;KDP;Askrindo;;
2026;9;I;Fak Fak;KDP;Jamkrindo;;
2026;9;II;Fak Fak;KDP;Jamkrindo;;
2026;9;III;Fak Fak;KDP;Jamkrindo;;
2026;9;IV;Fak Fak;KDP;Jamkrindo;;
2026;9;I;Fak Fak;KDP;BSM A3M;;
2026;9;II;Fak Fak;KDP;BSM A3M;;
2026;9;III;Fak Fak;KDP;BSM A3M;;
2026;9;IV;Fak Fak;KDP;BSM A3M;;
2026;9;I;Fak Fak;KDP;BRINS FLPP;;
2026;9;II;Fak Fak;KDP;BRINS FLPP;;
2026;9;III;Fak Fak;KDP;BRINS FLPP;;
2026;9;IV;Fak Fak;KDP;BRINS FLPP;;
2026;9;I;Jayapura;KDP;Askrindo;;
2026;9;II;Jayapura;KDP;Askrindo;;
2026;9;III;Jayapura;KDP;Askrindo;;
2026;9;IV;Jayapura;KDP;Askrindo;;
2026;9;I;Jayapura;KDP;Jamkrindo;;
2026;9;II;Jayapura;KDP;Jamkrindo;;
2026;9;III;Jayapura;KDP;Jamkrindo;;
2026;9;IV;Jayapura;KDP;Jamkrindo;;
2026;9;I;Jayapura;KDP;BSM A3M;;
2026;9;II;Jayapura;KDP;BSM A3M;;
2026;9;III;Jayapura;KDP;BSM A3M;;
2026;9;IV;Jayapura;KDP;BSM A3M;;
2026;9;I;Jayapura;KDP;BRINS FLPP;;
2026;9;II;Jayapura;KDP;BRINS FLPP;;
2026;9;III;Jayapura;KDP;BRINS FLPP;;
2026;9;IV;Jayapura;KDP;BRINS FLPP;;
2026;9;I;Manokwari;KDP;Askrindo;;
2026;9;II;Manokwari;KDP;Askrindo;;
2026;9;III;Manokwari;KDP;Askrindo;;
2026;9;IV;Manokwari;KDP;Askrindo;;
2026;9;I;Manokwari;KDP;Jamkrindo;;
2026;9;II;Manokwari;KDP;Jamkrindo;;
2026;9;III;Manokwari;KDP;Jamkrindo;;
2026;9;IV;Manokwari;KDP;Jamkrindo;;
2026;9;I;Manokwari;KDP;BSM A3M;;
2026;9;II;Manokwari;KDP;BSM A3M;;
2026;9;III;Manokwari;KDP;BSM A3M;;
2026;9;IV;Manokwari;KDP;BSM A3M;;
2026;9;I;Manokwari;KDP;BRINS FLPP;;
2026;9;II;Manokwari;KDP;BRINS FLPP;;
2026;9;III;Manokwari;KDP;BRINS FLPP;;
2026;9;IV;Manokwari;KDP;BRINS FLPP;;
2026;9;I;Merauke;KDP;Askrindo;;
2026;9;II;Merauke;KDP;Askrindo;;
2026;9;III;Merauke;KDP;Askrindo;;
2026;9;IV;Merauke;KDP;Askrindo;;
2026;9;I;Merauke;KDP;Jamkrindo;;
2026;9;II;Merauke;KDP;Jamkrindo;;
2026;9;III;Merauke;KDP;Jamkrindo;;
2026;9;IV;Merauke;KDP;Jamkrindo;;
2026;9;I;Merauke;KDP;BSM A3M;;
2026;9;II;Merauke;KDP;BSM A3M;;
2026;9;III;Merauke;KDP;BSM A3M;;
2026;9;IV;Merauke;KDP;BSM A3M;;
2026;9;I;Merauke;KDP;BRINS FLPP;;
2026;9;II;Merauke;KDP;BRINS FLPP;;
2026;9;III;Merauke;KDP;BRINS FLPP;;
2026;9;IV;Merauke;KDP;BRINS FLPP;;
2026;9;I;Nabire;KDP;Askrindo;;
2026;9;II;Nabire;KDP;Askrindo;;
2026;9;III;Nabire;KDP;Askrindo;;
2026;9;IV;Nabire;KDP;Askrindo;;
2026;9;I;Nabire;KDP;Jamkrindo;;
2026;9;II;Nabire;KDP;Jamkrindo;;
2026;9;III;Nabire;KDP;Jamkrindo;;
2026;9;IV;Nabire;KDP;Jamkrindo;;
2026;9;I;Nabire;KDP;BSM A3M;;
2026;9;II;Nabire;KDP;BSM A3M;;
2026;9;III;Nabire;KDP;BSM A3M;;
2026;9;IV;Nabire;KDP;BSM A3M;;
2026;9;I;Nabire;KDP;BRINS FLPP;;
2026;9;II;Nabire;KDP;BRINS FLPP;;
2026;9;III;Nabire;KDP;BRINS FLPP;;
2026;9;IV;Nabire;KDP;BRINS FLPP;;
2026;9;I;Sentani;KDP;Askrindo;;
2026;9;II;Sentani;KDP;Askrindo;;
2026;9;III;Sentani;KDP;Askrindo;;
2026;9;IV;Sentani;KDP;Askrindo;;
2026;9;I;Sentani;KDP;Jamkrindo;;
2026;9;II;Sentani;KDP;Jamkrindo;;
2026;9;III;Sentani;KDP;Jamkrindo;;
2026;9;IV;Sentani;KDP;Jamkrindo;;
2026;9;I;Sentani;KDP;BSM A3M;;
2026;9;II;Sentani;KDP;BSM A3M;;
2026;9;III;Sentani;KDP;BSM A3M;;
2026;9;IV;Sentani;KDP;BSM A3M;;
2026;9;I;Sentani;KDP;BRINS FLPP;;
2026;9;II;Sentani;KDP;BRINS FLPP;;
2026;9;III;Sentani;KDP;BRINS FLPP;;
2026;9;IV;Sentani;KDP;BRINS FLPP;;
2026;9;I;Serui;KDP;Askrindo;;
2026;9;II;Serui;KDP;Askrindo;;
2026;9;III;Serui;KDP;Askrindo;;
2026;9;IV;Serui;KDP;Askrindo;;
2026;9;I;Serui;KDP;Jamkrindo;;
2026;9;II;Serui;KDP;Jamkrindo;;
2026;9;III;Serui;KDP;Jamkrindo;;
2026;9;IV;Serui;KDP;Jamkrindo;;
2026;9;I;Serui;KDP;BSM A3M;;
2026;9;II;Serui;KDP;BSM A3M;;
2026;9;III;Serui;KDP;BSM A3M;;
2026;9;IV;Serui;KDP;BSM A3M;;
2026;9;I;Serui;KDP;BRINS FLPP;;
2026;9;II;Serui;KDP;BRINS FLPP;;
2026;9;III;Serui;KDP;BRINS FLPP;;
2026;9;IV;Serui;KDP;BRINS FLPP;;
2026;9;I;Sorong;KDP;Askrindo;;
2026;9;II;Sorong;KDP;Askrindo;;
2026;9;III;Sorong;KDP;Askrindo;;
2026;9;IV;Sorong;KDP;Askrindo;;
2026;9;I;Sorong;KDP;Jamkrindo;;
2026;9;II;Sorong;KDP;Jamkrindo;;
2026;9;III;Sorong;KDP;Jamkrindo;;
2026;9;IV;Sorong;KDP;Jamkrindo;;
2026;9;I;Sorong;KDP;BSM A3M;;
2026;9;II;Sorong;KDP;BSM A3M;;
2026;9;III;Sorong;KDP;BSM A3M;;
2026;9;IV;Sorong;KDP;BSM A3M;;
2026;9;I;Sorong;KDP;BRINS FLPP;;
2026;9;II;Sorong;KDP;BRINS FLPP;;
2026;9;III;Sorong;KDP;BRINS FLPP;;
2026;9;IV;Sorong;KDP;BRINS FLPP;;
2026;9;I;Timika;KDP;Askrindo;;
2026;9;II;Timika;KDP;Askrindo;;
2026;9;III;Timika;KDP;Askrindo;;
2026;9;IV;Timika;KDP;Askrindo;;
2026;9;I;Timika;KDP;Jamkrindo;;
2026;9;II;Timika;KDP;Jamkrindo;;
2026;9;III;Timika;KDP;Jamkrindo;;
2026;9;IV;Timika;KDP;Jamkrindo;;
2026;9;I;Timika;KDP;BSM A3M;;
2026;9;II;Timika;KDP;BSM A3M;;
2026;9;III;Timika;KDP;BSM A3M;;
2026;9;IV;Timika;KDP;BSM A3M;;
2026;9;I;Timika;KDP;BRINS FLPP;;
2026;9;II;Timika;KDP;BRINS FLPP;;
2026;9;III;Timika;KDP;BRINS FLPP;;
2026;9;IV;Timika;KDP;BRINS FLPP;;
2026;9;I;Wamena;KDP;Askrindo;;
2026;9;II;Wamena;KDP;Askrindo;;
2026;9;III;Wamena;KDP;Askrindo;;
2026;9;IV;Wamena;KDP;Askrindo;;
2026;9;I;Wamena;KDP;Jamkrindo;;
2026;9;II;Wamena;KDP;Jamkrindo;;
2026;9;III;Wamena;KDP;Jamkrindo;;
2026;9;IV;Wamena;KDP;Jamkrindo;;
2026;9;I;Wamena;KDP;BSM A3M;;
2026;9;II;Wamena;KDP;BSM A3M;;
2026;9;III;Wamena;KDP;BSM A3M;;
2026;9;IV;Wamena;KDP;BSM A3M;;
2026;9;I;Wamena;KDP;BRINS FLPP;;
2026;9;II;Wamena;KDP;BRINS FLPP;;
2026;9;III;Wamena;KDP;BRINS FLPP;;
2026;9;IV;Wamena;KDP;BRINS FLPP;;
